ingredient,count
OR TAB,542
ADS OVERRID,320
IV SOL,223
IJ SOL,203
MG OR TAB,176
OR CAP,167
PO TAB,165
SOL,80
OP SOL,61
OR SUS,54
BUPIVACAIN,46
PO CAP,45
OR SOL,42
NAC,40
MG PO TAB,39
OR T,38
OR C,29
PO T,29
SC SOL,28
IVP,27
DEXTROS,27
SODIUM CHLORID,26
ML NS INFUSIO,25
INFUSIO,25
FENTANYL,24
VITAMIN,24
MG OR CAP,23
ML D,21
OR TBC,20
IJ SOS,20
EX OIN,20
TD P,19
EX CRE,19
AMLODIPIN,19
OR TBE,19
PO SOL,19
HYDROCHLOROTHIAZID,18
NA SOL,17
IM SUS,17
HCT,17
AND LIDOCAIN,17
NEOMYCI,17
CRE,17
ESTRADIO,16
LEVOTHYROXINE SODIUM,16
IN SWFI,16
LIDOCAINE HCL,16
MCG OR TAB,16
IN SWF,15
ENOXAPARIN SODIUM,15
IV SOS,15
SC SOP,15
EPINEPHRIN,15
IN AER,15
ACETAMINOPHEN,14
LIDOCAIN,14
LIDOCAINE,14
ML INFUSIO,14
IM SOL,14
VALSARTA,13
RE SUP,13
SULFAMETHOXAZOL,13
OP OIN,13
CARBIDOP,13
HEPARI,13
EX SOL,12
DEXTROSE,12
OR TBD,12
HYDROMORPHONE,12
HEPARIN SODIUM,12
OR SYR,12
INJECTIO,11
ADDITIVE,11
TD PTW,11
OP SUS,11
IN AEP,11
TECHNETIUM TC,11
OIN,11
EPINEPHRINE,11
POTASSIUM CHLORIDE IVPB,10
SODIUM CHLORIDE,10
UNITS IN,10
OR LIQ,10
OR CHE,10
FILTER FLUI,10
NOREPINEPHRINE,10
IOHEXOL,10
MG PO CAP,10
UNI,9
CEFTRIAXONE IV,9
IN NEB,9
PREMIX PCA INFUSIO,9
FLUTICASON,9
POTASSIUM CHLORIDE,9
MORPHINE,9
BACITRACI,9
IMMUNE GLOBULIN,9
IJ SUS,9
POLYMYXI,9
ETHINYL ESTRADIO,8
ACETAMINOPHE,8
TAB,8
GABAPENTIN,8
PROPOFOL,8
QUETIAPINE FUMARATE,8
IV KI,8
SUS,8
IN NS,8
PO TBC,8
MG PO T,8
ML PREMIX PCA INFUSIO,8
OR PAC,8
PREMIX INFUSIO,8
PAIN MANAGEMENT PCE,8
HEPARIN,8
MORPHINE SULFATE,8
BENAZEPRI,8
CALCIUM GLUCONATE,8
PROPRANOLOL HCL,7
BARIUM SULFATE,7
PO PAC,7
LEVONORGESTRE,7
VERAPAMIL HCL CR,7
DILTIAZEM HCL,7
HYDROCORTISONE,7
COVI,7
LEVODOP,7
GENTAMICIN IN SALIN,7
MIDAZOLAM HCL,7
TACROLIMUS,7
OLMESARTA,7
TRIMETHOPRIM,7
SC SOS,7
MG IVP,7
RE ENE,7
PIPERACILLI,7
LEVETIRACETAM,7
UNIT,7
TD PTT,7
AZITHROMYCIN,7
IO SOL,7
ALTEPLASE,7
TD GE,7
MG OR T,7
VANCOMYCIN,7
ETH ESTRA,7
CARBAMAZEPINE,7
PO C,7
VANCOMYCIN IVP,7
ASPIRIN,7
FENOFIBRATE,7
ML PREMIX INFUSIO,6
NS SOLUTIO,6
PAIN MANAGEMENT EPIDURA,6
ROPIVACAINE REGIONAL ANESTHESI,6
DEXAMETHASON,6
PO CPD,6
BACLOFEN,6
ERTAPENEM IV,6
AMIODARONE,6
NAIV,6
UNIT OR TAB,6
EX PAD,6
OXYCODONE HCL,6
PROCEDURAL SEDATION LIDOCAIN,6
HIGH DOS,6
NITROGLYCERI,6
ML IM SUS,6
SODIUM BICARBONAT,6
DOCUSATE SODIUM,6
POT CLAVULANAT,6
AMOXICILLI,6
PANCRELIPAS,6
TAZOBACTAM IVP,6
UNITS PO CPE,6
ACETYLCYSTEINE,6
METHYLPHENIDATE HCL,6
SALMETERO,6
FUROSEMIDE,6
TOLERAN,6
VITAMIN D,6
IBUPROFEN,6
FENTANYL CITRATE,6
OPHTHALMIC SOL,6
VANCOMYCIN IVPB,6
DULOXETINE HCL,6
RISPERIDONE,5
AMPHETAMIN,5
DEXTROAMPHETAMINE,5
GLYCERI,5
ZINC OXIDE,5
CLONIDINE HC,5
HYDROCORTISON,5
IV EMU,5
TACROLIMU,5
TIMOLO,5
HYDR,5
BUPIVACAINE HC,5
MEGESTROL ACETATE,5
CEFEPIME IV,5
METHADONE HCL,5
TRIMETHOPRI,5
PHENYLEPHRINE HC,5
PRISMASOL BG,5
OT SOL,5
BUTALBITA,5
LACOSAMIDE,5
OCTREOTIDE ACETATE,5
METRONIDAZOLE,5
NA BICARB,5
RHO D IMMUNE GLOBULIN,5
BACITRACIN,5
NS IRRIGATIO,5
MILLION UNIT,5
LORAZEPAM,5
PO CPE,5
EPOETIN ALF,5
ML NS IRRIGATIO,5
FLUCONAZOLE,5
MAGNESIUM SULFATE,5
DIAZEPAM,5
POTASSIUM ACETATE IVPB,5
ML IN,5
FOLIC ACID,5
HYDROXYZINE HCL,5
MG OR TBC,5
INV TT,5
CLINDAMYCIN PHOSPHATE,5
EPOETIN ALFA,5
PAROXETINE HCL,5
CISATRACURIUM BESYLATE,5
HYDROMORPHON,5
EPBX,5
TRIAMCINOLONE ACETONID,5
TETANU,5
OR ELI,5
PHENOBARBITAL,5
AMPICILLI,5
FAMOTIDINE,5
PO SUS,5
ETH ESTRADIO,5
CEFAZOLIN IV PUSH,5
IN N,5
SODIUM HYALURONATE,5
CEFOXITIN IV PUSH,5
POVIDON,5
EPINEP,5
ORAL SOL,5
CHLORPROMAZINE HCL,5
PERAMPANEL,5
MENTHO,5
THYROID,5
CHLORTHALIDON,5
ROPIVACAINE HC,5
acetaminophen,5
CYANOCOBALAMIN,5
NORETHINDRONE ACE,5
VASOPRESSIN,5
DIGOXI,5
OR CPD,5
METOCLOPRAMIDE HCL,5
VITAMIN E,5
VENLAFAXINE HCL,5
NIACIN,5
fentaNYL,5
ALBUMIN HUMAN,5
FILGRASTI,5
IU IU,5
HALOPERIDOL,5
LITHIUM CARBONATE,5
SITAGLIPTI,4
VITAMIN A,4
CEFTAZIDIME,4
METHYLPREDNISOLONE,4
CAFFEIN,4
CEFTAZIDIM,4
NYSTATIN,4
SPIRONOLACTONE,4
ACYCLOVIR,4
CALCIUM ACETATE,4
PALIPERIDONE PALMITATE ER,4
VANCOMYCIN HCL,4
LAMIVUDINE,4
GUAIFENESIN,4
MORPHINE SULFATE ER,4
FLUOXETINE HCL,4
TESTOSTERON,4
WARFARIN SODIUM,4
BRIVARACETAM,4
ADENOSINE,4
SC SUS,4
AMPHOTERICIN B LIPOSOME IVP,4
MG SL SUB,4
MCG,4
RE CRE,4
POTASSIUM PHOSPHATES IVP,4
ANTITHYMOCYTE GLOBULIN,4
AMIODARONE HCL,4
RUXOLITINIB PHOSPHATE,4
LOPERAMIDE HCL,4
CLOZAPINE,4
LEVOFLOXACIN,4
LAMOTRIGINE,4
PHENYLEPHRINE DILUTION,4
EPINEPHRINE PF,4
PROPAFENONE HCL,4
GM IV SOL,4
DOBUTAMINE,4
TOPIRAMATE,4
AZTREONAM IV PUSH,4
HYDROCORTISONE AC,4
CRRT REPLACEMENT FLUID WITH ADDITIVE,4
LURASIDONE HCL,4
OLANZAPINE,4
MCG PO TAB,4
ALLOPURINOL,4
ROTIGOTINE,4
TABLET,4
AMPHOTERICIN B,4
BUDESONID,4
PHYTONADIONE,4
DAKIN,4
PREDNISONE,4
CARVEDILO,4
POL,4
PILOCARPINE HCL,4
LISDEXAMFETAMINE DIMESYLATE,4
LOSARTAN POTASSIU,4
NIFEDIPINE,4
BRIMONIDINE TARTRAT,4
MG PO C,4
ARIPIPRAZOLE,4
MANNITOL,4
LEVODOPA E,4
CIPROFLOXACIN HCL,4
ACETAZOLAMIDE,4
HYDRALAZINE HCL,4
LEUCOVORIN CALCIUM,4
KETAMINE HCL,4
METHYLENE BLU,4
DICLOFENAC SODIUM,4
DILTIAZEM HCL COATED BEADS,4
VITAMIN C,4
MG PO CPC,4
ML NS PREMIX INFUSIO,4
MESALAMINE,4
ATENOLO,4
ESLICARBAZEPINE ACETATE,4
COENZYME,4
UNITS PO TAB,4
PROMETHAZINE HCL,4
CEFAZOLIN IV,4
CENOBAMATE,4
FLUTICASONE PROPIONATE,4
GLYCOPYRROLATE,4
ESTRADIOL,4
AMINOCAPROIC ACID,4
ANTIHEMOPHILIC FACTO,4
ZIPRASIDONE HCL,4
SNDZ,4
DOXORUBICIN,4
PYRIDOSTIGMINE BROMIDE,4
PANCRELIPASE,4
IRON SUCROSE IVPB,4
CEFAZOLIN IVPB,4
CEFTRIAXONE SODIUM,4
CEFUROXIME IV PUSH,4
DARBEPOETIN ALFA,4
G PO PAC,4
VECURONIUM BROMIDE,4
SACUBITRI,4
NA SUS,4
midazolam,4
IP SOL,4
NITROGLYCERIN,4
SODIUM BICARBONATE,4
PROGESTERONE,4
THROMBIN,4
KETOROLAC TROMETHAMINE,4
INSULIN LISPRO,4
CALCIUM CARBONATE ANTACID,4
LIDOCAINE HC,4
COAGULATION FACTOR IX,4
TICAGRELOR,4
APA,4
LABETALOL HCL,4
PHENYLEPHRINE HCL,4
DEXAMET,4
ATOMOXETINE HCL,4
GENTAMICIN SULFAT,4
METHYLPREDNISOLONE SODIUM SUCC,4
TRIAMTEREN,4
ONDANSETRON HCL,4
MEPERIDINE HCL,4
HYDROMORPHONE HCL,4
OXYCODONE HCL ER,4
VORICONAZOLE,4
GENTAMICIN,4
ORAL SUSPENSIO,4
SL SUB,4
ATORVASTATIN CALCIUM,4
IODINE,4
CEFTRIAXONE IVPB,4
CRRT MACHINE POS,4
CHOLECALCIFEROL,4
OLANZAPINE ODT,4
DESMOPRESSIN ACETAT,4
MG I,4
PREGABALIN,4
morphine,4
MG OR TA,3
CLINDAMYCIN HCL,3
LAMOTRIGINE ER,3
MEROPENEM IVPB,3
SITAGLIPTIN PHOSPHATE,3
DABIGATRAN ETEXILATE MESYLATE,3
DOXYCYCLINE IVPB,3
FUROSEMIDE IVPB,3
POLYMYXIN GU IRRIGANT,3
PROCEDURAL SEDATION MEPERIDINE,3
MEDROXYPROGESTERONE ACETATE,3
GM IJ SOL,3
ACETIC ACID,3
LISINOPRIL,3
METHOTREXATE SODIUM,3
MCG OR CAP,3
RIFAMPIN,3
NICARDIPINE PE,3
INV TIRAPAZAMINE INJECTIO,3
METFORMIN HCL,3
OLOPATADINE HC,3
CEFTAZIDIME OPHTHALMIC IN,3
URSODIOL,3
DILTIAZEM HCL CR,3
LABETALOL,3
OPTHALMIC SOLUTIO,3
FLUCYTOSINE,3
HR DOSIN,3
AZITHROMYCIN IVPB,3
KETAMINE,3
HYPROMELLOS,3
TOBRAMYCI,3
OSELTAMIVIR PHOSPHATE,3
PAMIDRONATE IVPB,3
SOTALOL HCL,3
IT SOL,3
DEFERASIROX,3
GREE,3
NEFAZODONE HCL,3
hydrALAZINE,3
BUPIVACAINE DILUTIO,3
ANESTHESIA EPIDURAL INFUSIO,3
IMIPRAMINE HCL,3
nitroGL,3
OR CON,3
NALOXONE,3
VANCOMYCIN OPHTHALMIC INJ,3
ACYCLOVIR IVP,3
NORETHIN AC,3
MICONAZOLE NITRATE,3
LEUPROLIDE ACETAT,3
BIMATOPROS,3
MG IM KI,3
OLMESARTAN MEDOXOMI,3
ELTROMBOPAG OLAMINE,3
FELBAMATE,3
IPRATROPIUM BROMID,3
EMTRICI,3
mL IVP,3
COBI,3
EX GE,3
VENETOCLAX,3
NICOTINE,3
OXCARBAZEPINE,3
PROCEDURAL SEDATION MORPHINE,3
CILASTATIN IVPB,3
SELEXIPAG,3
OXYTOCIN,3
OXYBUTYNIN CHLORIDE,3
VILAZODONE HCL,3
ASCORBIC ACID,3
BISMUTH SUBSALICYLATE,3
MG RE SUP,3
TOLTERODINE TARTRATE,3
VERAPAMIL HCL,3
CHLOROPROCAINE HCL,3
ROPINIROLE HCL,3
ALPRAZOLA,3
VORTIOXETINE HBR,3
METFORMIN HCL E,3
BOLU,3
NEBIVOLOL HCL,3
NEOSTIGMINE METHYLSULFATE,3
ROCURONIUM BROMIDE,3
SUMATRIPTAN SUCCINATE,3
DANTROLENE SODIUM,3
IMIPENE,3
ESTROGENS CONJUGATE,3
TOBRAMYCIN SULFAT,3
SIMVASTATI,3
SIROLIMUS,3
DIVALPROEX DR,3
PIPERACILLIN SO,3
TAZOBACTAM S,3
BARIUM SULFAT,3
LISINOPRI,3
EZETIMIB,3
PRIMIDONE,3
AND BUPIVACAIN,3
ERGOCALCIFEROL,3
LEVOCARNITINE,3
NORGESTIMAT,3
IN NS OR D,3
TOBRAMYCIN,3
OT SUS,3
TAC,3
CLONIDIN,3
SODIUM POLYSTYRENE SULFONATE,3
EPHEDRINE SULFATE,3
MEDROXYPROGEST AC,3
METHIMAZOLE,3
CEFTAZIDIME IV PUSH,3
PRAMOXIN,3
PRISMASATE CRRT DIALYSATE WITH ADDITIVE,3
PREMI,3
CETIRIZINE HCL,3
CITALOPRAM HYDROBROMIDE,3
CONJ ESTRO,3
LINACLOTIDE,3
COAGULATION FACTOR VIIA RECOMB,3
SUCCINYLCHOLINE CHLORIDE,3
GLUCOSAMINE,3
MEXILETINE HCL,3
AZATHIOPRINE,3
GLYCOPYRROLAT,3
UNIT IV SOL,3
CHLORDIAZEPOXIDE HCL,3
METFORMIN HC,3
AMOXICILLIN,3
OR CPE,3
TRANEXAMIC ACID IVP,3
INV AMG,3
LACTULOSE,3
FERROUS SULFATE,3
MYCOPHENOLATE MOFETIL,3
AMLODIPINE,3
SIMET,3
MAG HYDROXID,3
ALU,3
UNITS I,3
CLOTRIMAZOLE,3
FLUTICASONE FUROAT,3
NOREPINEPHRIN,3
PO TBE,3
VILANTERO,3
MRNA VACC,3
midazolam PF,3
PERIPHERA,3
NS PREMIX INFUSIO,3
IN SOL,3
AMANTADINE HCL,3
PENICILLIN G POTASSIUM IVP,3
DEXAMETHASONE,3
ANTIHEMOPHILIC FACTOR,3
TRANEXAMIC ACID,3
LATANOPROS,3
NORETHINDRON,3
EP SOL,3
NICARDIPINE,3
TRAZODONE HCL,3
DOXYCYCLINE HYCLATE,3
MG TABLE,3
ACETYLCHOLINE INJECTIO,3
IN MIS,3
PRAVASTATIN SODIUM,3
VALSARTAN,3
MISOPROSTOL,3
CEPHALEXIN,3
CEFAZOLIN SODIU,3
MAGNESIUM SULFATE IVPB,3
METOPROLOL TARTRATE,3
LEVETIRACETAM IN NACL,3
CEFAZOLIN SODIUM,3
IV BOLU,3
PST,3
CRRT REPLACEMENT FLUI,3
SERTRALINE HCL,3
DEXMEDETOMIDINE,3
VI SOL,3
CEFOXITIN IV,3
POLYMIXIN GU IRRIGANT,3
OR TA,3
BISOPROLO,3
BUMETANIDE,3
AMITRIPTYLINE HCL,3
INV MRT,3
MG CAPSULE,3
BUMETANID,3
PHENTERMIN,3
EMU,3
TOPIRAMAT,3
DEXAMETHASONE SODIUM PHOSPHATE,3
DIPHENHYDRAMINE HCL,3
ondansetron,3
CEFEPIME IVPB,3
PEDS INFUSIO,3
PO LIQ,3
GM RE SUP,3
TELMISARTA,3
LANSOPRAZOLE,3
TRIMETHOPRIM IVP,3
ESCITALOPRAM OXALATE,3
ML NS SOLUTIO,3
RIVAROXABAN,3
CIPROFLOXACIN IVP,3
BUPRENORPHINE HCL,3
LAMIVUDIN,3
HYDROXYUREA,3
IR SOL,3
CYCLOSPORINE MODIFIED,3
PLASM,3
VANCOMYCI,3
PENICILLIN G BENZATHINE,3
LORazepam,3
SODIUM PHOSPHATE IVPB,3
NAFCILLIN IVPB,3
TABLE,3
CEFAZOLI,3
CLOBETASOL PROPIONAT,3
ACELL PERTUSSI,3
HYDROCODON,3
LEVOFLOXACIN IN D,3
DIPHT,3
SC SOA,3
PANTOPRAZOLE SODIUM,3
CALCIUM CARBONATE,3
TREPROSTINIL,3
BIOTIN,2
DEXLANSOPRAZOLE,2
IJ SOLN OPTIM,2
OMNIPAQU,2
SOLUTIO,2
PROCEDURAL SEDATION MIDAZOLAM,2
ANT,2
STERILE WATER IRRIGATIO,2
ML WITH HEPARIN,2
CISPLATIN,2
predniSONE,2
TRYPAN BLU,2
REMIFENTANIL HCL,2
CYCLOSPORINE SANDIMMUNE,2
PO CSD,2
ITRACONAZOLE,2
EMPAGLIFLOZIN,2
METHIONINE,2
AZTREONAM IVPB,2
oxybutynin,2
OP GE,2
INFUSION ACUTE M,2
NYSTATI,2
TRIAMCINOLON,2
MIFEPRISTONE,2
BETHANECHOL CHLORIDE,2
MAGNESIUM,2
NEONATAL ORAL SOL,2
RIBAVIRIN,2
TRIAZOLA,2
PIMOZIDE,2
LEVODOPA C,2
METHYLPREDNISOLONE SOD SUCCINATE OPHTHALMIC INJ,2
IO SOS,2
CARVEDILOL PHOSPHATE,2
AG EXTRA HYDROFIBE,2
CAPTOPRI,2
CASIRIVIMA,2
TAPENTADOL HCL,2
SULFACETAMIDE SODIUM,2
DICLOXACILLIN SODIUM,2
DASATINIB,2
INV JT,2
CEFOXITIN SODIUM,2
ROCURONIUM,2
MEPILEX FOA,2
AMBRISENTAN,2
MAINTENANCE INFUSIO,2
AZTREONAM IV,2
CEFTAZIDIME IV,2
IM OI,2
CODEINE SULFATE,2
NIMODIPINE,2
AQUACE,2
EMTRICITABIN,2
PO TBP,2
GLYCERIN,2
EMPAGLIFLOZI,2
OR NS,2
CODEIN,2
CEFUROXIME AXETIL,2
LEVONORGES,2
CAMPHO,2
IBRUTINIB,2
TELMISARTAN,2
NS BLADDER IRRIGATIO,2
METAXALONE,2
ISOSORBIDE DINITRATE,2
POLYMYXIN,2
LEFLUNOMIDE,2
OR GRA,2
ML EYE WAS,2
SEVELAMER HCL,2
CEFEPIME HCL,2
PATIEN,2
PROPRANOLOL HCL CR,2
ZINC OXID,2
MEROPENEM,2
ESZOPICLONE,2
PYRIDOXINE,2
DIVALPROEX ER,2
PROCHLORPERAZINE MALEATE,2
DEFERIPRONE,2
TEMOZOLOMIDE,2
TORSEMIDE,2
ELAGOLIX SODIUM,2
AZILSARTA,2
INV DZ,2
NA HYALU,2
CYCLOPHOSPHAMIDE,2
CIPROFLOXACI,2
POSACONAZOLE IVPB IN,2
SEMAGLUTIDE,2
MENTHOL,2
CAPSUL,2
ceFA,2
DISOPYRAMIDE PHOSPHATE,2
DOBU,2
DOXEPIN HCL,2
NAPROXEN,2
PO CHE,2
HYDROCHLOROTHIAZIDE,2
FEXOFENADINE HCL,2
INV NEXOBRID,2
CLOBAZAM,2
INV MCL,2
OR PLACEBO,2
TOPIRAMATE ER,2
NAFCILLIN IVP,2
ANES EPIDURAL INFUSIO,2
BISOPROLOL FUMARATE,2
ID SOL,2
PONATINIB HCL,2
SELEGILINE HCL,2
TRIHEXYPHENIDYL HCL,2
dexAMETHasone,2
ketAMINE,2
PHENYTOIN IVP,2
CAPSAICI,2
FENOFIBRATE MICRONIZED,2
NA HYALURO,2
NA CHONDROIT SUL,2
MRNA VACCINE,2
NS PREMIX IVP,2
NS ADDEASE IVP,2
DEXMEDETOMIDINE HCL IN NACL,2
DIANEAL P,2
melatonin,2
DOXERCALCIFERO,2
ETHYNODIOL DIA,2
THEOPHYLLINE CR,2
DUPILUMAB,2
MODAFINIL,2
IRRIGATIO,2
CEFOTAXIME IV,2
AZTREONAM,2
OSIMERTINIB MESYLATE,2
SOLIFENACIN SUCCINATE,2
DIANEAL LOW CALCIU,2
PRIMAQUINE PHOSPHAT,2
NAFCILLIN SODIUM,2
NS INJECTIO,2
NEORAL,2
TRIAMCINOLONE ACETONIDE,2
GLIPIZID,2
CEFTAZIDIME IVPB,2
PHENTERMINE HCL,2
MEROPENEM IV PUSH,2
LINEZOLID,2
IV EMUL OPTIM,2
CO SOL,2
TEMAZEPAM,2
ESOMEPRAZOLE MAGNESIUM,2
DEX,2
GENTAMICIN SULFATE,2
CEFOTETAN DISODIUM,2
DARUNAVIR ETHANOLATE,2
AMPICILLIN SODIUM,2
SULFUR HEXAFLUORIDE MICROSP,2
OR CPC,2
levothyroxine,2
BEVACIZUMAB OPHTHALMIC IN,2
GUANFACINE HCL ER,2
ETHINYL ES,2
KETOCONAZOLE,2
PENICILLIN G SODIUM IVP,2
KRILL OIL,2
diltiazem,2
ALTEPLASE INFUSIO,2
CAPTOPRIL,2
SODIUM ZIRCONIUM CYCLOSILICATE,2
IM SOS,2
PATIROMER SORBITEX CALCIU,2
CHOLESTYRAMINE LIGHT,2
SC SUP,2
ASPART,2
INSULIN ASPART PRO,2
NITROFURANTOIN MACROCRYSTAL,2
LOTEPREDNOL ETABONAT,2
EVOLOCUMAB,2
TRAVOPROS,2
DIPHTHERIA TOXOIDS T,2
PHENTERMINE HC,2
ML NS IR INFUSIO,2
VORICONAZOLE OPHTHALMIC INJ,2
LEVONORGESTREL,2
SODIUM THIOSULFATE,2
PROCEDURAL SEDATION KETAMINE,2
heparin,2
ketorolac,2
GLYBURID,2
bacitracin,2
ZIDOVUDIN,2
IM KI,2
CLOMIPRAMINE HCL,2
PENICILLIN V POTASSIUM,2
FORMOTEROL FUMARAT,2
PHENYTOIN,2
AMPHOTERICIN B IVP,2
ABACAVIR SULFATE,2
LISPRO,2
RITONAVIR,2
INSULIN LISPRO PRO,2
RIBOFLAVIN,2
FOSCARNE,2
EST ESTROGEN,2
METHYLTES,2
UREA,2
enoxaparin,2
INSULIN DEGLUDEC,2
HYDROXYCHLOROQUINE,2
iohexol,2
GLATIRAMER ACETATE,2
CLARITHROMYCIN,2
TENOFOVI,2
EFAVIRENZ,2
VILAN,2
AKWA TEAR,2
UMECLIDI,2
DIANEAL WITH ADDITIVES PD SOLUTIO,2
AND SODIUM BICAR,2
ABACAVI,2
DOLUTEGRAVI,2
ACARBOSE,2
POW,2
SODIUM TETRADECYL SULFATE,2
THIORIDAZINE HCL,2
gabapentin,2
CARIPRAZINE HCL,2
PITAVASTATIN CALCIUM,2
RISPERIDON,2
HEPARIN CATHETER LOCK SOLUTIO,2
CANAGLIFLOZIN,2
AVIBACTAM IVP,2
FONDAPARINUX SODIU,2
EX LOT,2
FOSPHENYTOIN IVP,2
MG OR TBD,2
ketamine,2
DESOGESTRE,2
DULAGLUTID,2
TOFACITINIB CITRATE,2
BUDESONIDE,2
PROGESTERONE MICRONIZED,2
ETHINYL ESTRA,2
MILNACIPRAN HCL,2
TERBINAFINE HCL,2
BENZOYL PEROXIDE,2
FOSTAMATINIB DISODIUM,2
RANITIDINE HCL,2
ISOSORBIDE MONONITRATE,2
cefTRIAXone,2
PIMAVANSERIN TARTRATE,2
PHENOBARBITAL IVP,2
CEFAZOLIN OPHTHALMIC INJ,2
COCAINE HCL,2
DROSPIRENON,2
aspirin,2
DORZOLAMIDE HC,2
TIMOLOL MAL P,2
GADOBUTROL,2
FLUOCINONID,2
FOLIC ACI,2
pregabalin,2
TURMERIC,2
VA RIN,2
CAF,2
CEFTAROLINE IVPB,2
ciprofloxacin,2
ERTAPENEM SODIUM,2
TADALAFIL,2
amiodarone,2
FLUPHENAZINE HCL,2
ASPIRI,2
MIRABEGRON ER,2
MEMANTINE HCL ER,2
IRBESARTA,2
RISPERIDONE ODT,2
ASENAPINE MALEATE,2
RIVASTIGMIN,2
POTASSIUM ACETATE,2
CABERGOLIN,2
PRAZOSIN HCL,2
LABOR PCE,2
GALANTAMINE HYDROBROMIDE,2
TENOFA,2
magnesium sulfate,2
EPHEDRINE SULFAT,2
SODIUM THIOSULFATE IV BOLU,2
PROMETHAZINE HC,2
TRIPLE ANTIBIOTI,2
PROGESTERON,2
nalO,2
ELVITE,2
MG OR CHE,2
LENALIDOMIDE,2
DOFETILIDE,2
vitamin,2
TD CRE,2
MITOMYCIN,2
DHEA,2
CYPROHEPTADINE HCL,2
ENTECAVI,2
TRIMETHOBENZAMIDE HCL,2
AMPHOTERICIN,2
VORICONAZOL,2
EXENATIDE ER,2
BENZOCAIN,2
VANCOMYCIN HCL IN DEXTROSE,2
EX AER,2
OLANZapine,2
POSACONAZOLE,2
FLUOCINOLONE ACETONID,2
GRANISETRON HCL,2
INV VENETOCLAX,2
TETANUS IMMUNE GLOBULIN,2
PHENOBARBITAL SODIUM,2
ML IVP,2
PIOGLITAZONE HCL,2
ETHAMBUTOL HCL,2
DEXTRAN,2
famotidine,2
ALENDRONATE SODIUM,2
SUVOREXANT,2
SENNOSIDE,2
GLUCOSE,2
OR LIQUI,2
B COMPLEX OR TAB,2
MEASLE,2
MUMP,2
BREXPIPRAZOLE,2
PALIPERIDONE PALMITATE,2
CEFDINIR,2
EMTRICITABINE,2
DEGARELIX ACETATE,2
OBETICHOLIC ACID,2
THEOPHYLLINE,2
FOSCARNET IVP,2
ML OPHTHALMIC IN,2
BUPRENORPHINE,2
ZOLPIDEM TARTRAT,2
CHEMO INFUSIO,2
HEPATITIS B VAC RECOMBINANT,2
AZELASTINE HC,2
PAROXETINE HC,2
PANTOPRAZOLE IV BOLUS,2
ABIRATERONE ACETATE,2
SUSPENSIO,2
NEONATAL INJECTIO,2
DAPAGLIFLOZIN PROPANEDIOL,2
SILDENAFIL CITRATE,2
ENZALUTAMIDE,2
EVEROLIMU,2
DESVENLAFAXINE SUCCINATE,2
PRUCALOPRIDE SUCCINATE,2
COPANLISIB CHEMO IVP,2
PYRAZINAMIDE,2
PHYTONADIONE IVP,2
CLOPIDOGREL BISULFATE,2
PHENYTOIN SODIUM EXTENDED,2
DONEPEZIL HCL,2
MELATONIN,2
SULFASALAZINE,2
METHOCARBAMOL,2
EVICEL,2
DEMECLOCYCLINE HCL,2
EX KI,2
LACTATED RINGER,2
PROCEDURAL SEDATION FENTANYL CITRATE,2
SELENIUM,2
CYCLOPENTOLATE HCL,2
ESMOLO,2
NEB,2
SUGAMMADEX SODIUM,2
MOMETASONE FUROATE,2
IN SUS,2
MONTELUKAST SODIUM,2
TECHNET TC,2
TIMOLOL MALEAT,2
RANOLAZINE,2
METOPROLOL TARTRAT,2
BUPROPION SR,2
AMPHOTERICIN B OPHTHALMIC INJ,2
ERYTHROMYCIN,2
ATROPINE SULFATE,2
INSULIN GLARGINE,2
KETOROLAC TROMETHAMIN,2
CEFOTETAN IVPB,2
IN D,2
CLONAZEPAM,2
OXYCODON,2
BENZOCAINE,2
ALBUTERO,2
IPRATROPIU,2
BENAZEPRIL HCL,2
PSYLLIU,2
POTASSIUM CHLORIDE CR,2
DOPAMINE,2
CHLOROTHIAZIDE,2
HYDROCORTISONE NA SUCCINATE PF,2
CYCLOBENZAPRINE HCL,2
niCA,2
IMPELLA PURGE SOLUTIO,2
ESMOLOL HCL,2
MIDAZOLAM,2
ANES EPIDURAL IN,2
REMIFENTANIL INFUSION IN,2
METHYLENE BLUE,2
COLESTIPOL HCL,2
EMERGENC,2
SEVELAMER CARBONAT,2
LEVALBUTEROL HC,2
mL N,2
POTASSIUM CHLORIDE CRYS CR,2
THIAMINE HCL,2
INDOMETHACIN,2
NIFEDIPINE CR OSMOTIC,2
FAT EMULSION,2
PLASTIC SURGERY TUMESCENT SOLUTIO,2
CENTRAL LINE ONL,2
NALTREXONE HCL,2
LYTE A IV SOL,2
NORTRIPTYLINE HCL,2
ERYTHROMYCIN BASE,2
ZOLEDRONIC ACID,2
ALCOHOL,2
CALCIUM CHLORIDE IVP,2
SUCRALFATE,2
MENINGOCOCCAL A C,2
TALC,2
BSS IO SOL,2
LIOTHYRONINE SODIUM,2
ISOSORBIDE MONONITRATE CR,2
CALCITONIN,2
CEFOXITIN IVPB,2
meperidine,2
HYDROmorphone,2
FLUORESCEIN SODIUM,2
PRAMIPEXOLE DIHYDROCHLORID,2
DESVENLAFAXINE ER,2
TIZANIDINE HCL,2
MIRTAZAPINE,2
OMEPRAZOLE,2
KETAMINE INFUSIO,2
ROSUVASTATIN CALCIUM,2
POLYVINYL ALCOHO,2
CLINDAMYCIN PHOSPHATE IN D,2
CIPROFLOXACIN IN D,2
pantoprazole,2
VA CRE,2
PAIN MANAGEMENT CONT PNB PC,2
CALCIUM GLUCONATE CRRT INFUSIO,2
LACTATED RINGERS IV SOL,2
ALBUTEROL SULFAT,2
TETRACAINE HC,2
SIMETHICONE,2
VASOPRESSIN INFUSIO,2
PSEUDOEPHEDRIN,2
LORATADINE,2
ALBUTEROL SULFATE,2
THIAMINE IVP,2
MT SOL,2
FLUCONAZOLE IN SODIUM CHLORID,2
ONDANSETRON,2
ANTICOAGULANT SODIUM CITRATE,2
BOLUS FROM BA,2
COLCHICIN,2
ROMIPLOSTIM,2
CAP,2
EMTRICITA,2
FINASTERIDE,2
CARBOXYMETHYLCELLULOSE SODIUM,2
METHYLERGONOVINE MALEAT,2
FLUDROCORTISONE ACETAT,2
NS TOPICAL SOLUTIO,2
BENZTROPINE MESYLATE,2
LOSARTAN POTASSIUM,2
PHENYLEPHRINE INFUSIO,2
DOBUTAMINE IN D,2
DIPHENHYDRAMINE HC,2
PAIN MANAGEMENT CONT PN,2
ASPIRIN EC,2
IV SUS,2
CINACALCET HCL,2
RIFAMPIN IVPB,2
CILOSTAZOL,2
OP EMU,2
TERAZOSIN HCL,2
OPIU,2
DAPTOMYCIN IVP,2
PANTOPRAZOLE,2
WARFARIN SODIU,2
GUAIFENESI,2
VENLAFAXINE HC,2
OFLOXACI,2
MAGNESIUM OXIDE,2
INSULIN REGULAR HUMAN,2
IV INJECTION WRAPPED RECOR,2
SODIUM THIOSULFATE INFUSIO,2
OR TABS OR CAP,2
GLIPIZIDE,2
DILTIAZEM,2
INSULIN ASPART,2
potassium chloride,2
ATENOLOL,2
benazepril,2
HEPARIN SODIUM LOCK FLUSH,2
MAFENID,2
IN STERILE WATER FOR IRRIGATIO,2
CALCITRIOL,2
BUSPIRONE HCL,2
propofol,2
CALCIUM CARBONAT,2
METHYLPREDNISOLONE IVPB,2
MYCOPHENOLATE SODIUM,2
BOLUS IV FLUI,2
VIT,2
NICARDIPINE HCL IN NAC,2
MEPIVACAINE HCL,2
BUPROPION HCL,2
NALOXONE HC,2
INSULIN DETEMIR,2
BUPIVACAINE LIPOSOM,2
DOXAZOSIN MESYLATE,2
OMEG,2
TESTOSTERONE,2
TESTOSTERONE CYPIONATE,2
B COMPLE,2
METRONIDAZOL,2
C OR TAB,2
diphenhydrAMINE,2
MAGNESIUM CHLORIDE,2
CLINDAMYCIN IVPB,2
OR POW,2
PF INFUSION,2
AMPICILLIN IVPB,2
DENOSUMAB,2
INFLUENZA VAC SPLIT QUA,2
ISONIAZID,2
MEROPENEM IV,2
MG IN,2
furosemide,2
METHYLPREDNISOLONE ACETATE,2
PENICILLIN G POTASSIUM,2
WARFARI,2
Q PUM,2
INDIUM IN,2
CELECOXIB,2
VALGANCICLOVIR HCL,2
GENGRAF,2
ADDITIVES EPIDURA,2
CLINDAMYCIN PHOSPHATE IN NAC,2
SULBACTAM IVP,2
ROPIVACAINE HCL,2
NS INFUSIO,2
PRISMASATE WITH CALCIUM CRRT DIALYSATE WITH ADDITIVE,2
MG OR C,2
CITRIC ACI,2
PAC,2
METRONIDAZOLE IN NAC,2
GENTAMICI,2
CRRT MACHINE PR,2
IOPAMIDOL,2
HALOPERIDOL LACTATE,2
PROCHLORPERAZINE EDISYLATE,2
LOT,2
CHOLESTYRAMINE,2
EX POW,2
POLYETHYLENE GLYCOL,2
METOPROLOL SUCCINATE,2
ACETIC ACI,2
INFECTIVE PER PHARMAC,1
esmolol,1
FORMOTEROL FUMARATE,1
EDARAVONE,1
BETAMETHASONE DIPROPIONAT,1
BENOXINAT,1
PROPYLTHIOURACIL,1
niCARdipine,1
REMDESIVIR IVP,1
LEVETIRACETAM ER,1
CAROTENE PO TAB,1
SC PE,1
ML IM SOS,1
SECRETIN ACETATE,1
CLINDAMYCIN OPHTHALMIC INJ,1
MILRINONE LOADING DOSE FROM BA,1
NS PED FLUS,1
PRAMIPEXOLE DIHYDROCHLORIDE ER,1
MELOXICA,1
MG MT LOZ,1
FOSINOPRIL SODIUM,1
INSULIN REGULAR IV BOLU,1
CHLORHEXIDINE GLUCONAT,1
CASTOR OIL OI,1
FLUORESCEI,1
ZOLPIDEM TARTRATE,1
ESMOLOL PED,1
SURGICAL SEALANTS LIQ,1
BACITRACIN Z,1
NAFCILLIN IV,1
POLYMY,1
ML NS WITH EPI SCOPE IRRIGATIO,1
RENAL DOSING PROTOCOL FOR ANT,1
AZELASTIN,1
TAFLUPROS,1
baclofen,1
DESMOPRESSIN IN NS PEDS INFUSIO,1
VITA,1
ML IN SOL,1
SOLN BUR,1
LUBE OP OIN,1
AMYL NITRIT,1
METHYLDOPA,1
INFLUENZA VAC HIG,1
DOSE QUA,1
S OWN INSULIN PUM,1
SOFOSBUVI,1
CEFOTAXIME IVPB,1
BUFFERED,1
PAPAYA AND ENZYMES OR CHE,1
CITRATE OF MAGNESI,1
CYTARABINE,1
AMMONIA AROMATIC IN INH,1
IJ GE,1
CAL PO LIQ,1
vasopressin,1
MVI IVP,1
INSULIN REGULAR,1
CEFAZOLIN IN D,1
BSS SOAKING SOLUTIO,1
DEUTETRABENAZINE,1
SIMETHICONE IN STERILE WATER IRRIGATIO,1
MG TAB,1
ABCIXIMAB,1
ORAL SUS,1
FAT EMULSION PLANT BASED,1
BISACODYL,1
FERRIC SUBSULFATE SOL,1
Midazolam H,1
IJ SOLN WRAPPE,1
OXYBUTYNIN CHLORID,1
ceFAZolin,1
REFRESH LACR,1
POTASSIUM CHLORIDE NEONATAL IN D,1
Sodium,1
SIMVASTATIN,1
VITE OR TAB,1
DEXTROMETHORPHAN HBR,1
TOPOTECAN CHEMO INFUSIO,1
GLUCOSAMINE SULFATE,1
TETRABENAZINE,1
NEONATAL ORAL SUS,1
AND SODIUM BICARB IN NS,1
PENTOBARBITAL IV,1
CAPECITABINE,1
ADULT REPLACEMENT FLUID INFUSIO,1
TRIAMCINOLONE AND BUPIVICAINE P,1
METHYL SA,1
THYMOCYTE GLOB,1
CEFAZOLIN,1
MINERAL OIL LIGHT OI,1
APIXABAN,1
PROTHROMBIN COMPLEX CONC HUMAN,1
VANCOMYCIN PER PHARMAC,1
SC PSK,1
ADALIMUMAB,1
INV MARIZOMIB INJECTIO,1
diazepam,1
NAPHAZOLIN,1
PHENIRAMIN,1
ASTAXANTHIN,1
DOXYCYCLINE IVPB INTRAPLEURA,1
GENTAMICIN IVP,1
LEVOCARNITINE IVP,1
TAMSULOSIN HC,1
FAT EMUL FISH OI,1
ALUM,1
SC SOC,1
POTASSIUM PHOSPHATES NEONATAL IN D,1
AQUACEL FOA,1
CEFUROXIME IVP,1
BASED,1
FAMCICLOVIR,1
MULTIVITAMIN ADULT PO TAB,1
GLYBURIDE,1
PENTOBARBITAL LOADING DOSE FROM BA,1
LABOR EPIDURA,1
FLUNISOLIDE HFA,1
celecoxib,1
PN ADUL,1
FONDAPARINUX SODIUM,1
FERRIC CARBOXYMALTOSE IVP,1
TRIAMTERENE,1
G PO C,1
MESALAMINE E,1
FILGRASTIM,1
ACEBUTOLOL HCL,1
ML NS TOPICAL IRRIGATIO,1
CHAMBER MOUTHPIECE MIS,1
SPACE,1
ETHOSUXIMIDE,1
mL NS EMERGENC,1
DEXMEDETOMIDINE HCL IN NAC,1
TUMESCENT SOLUTION WITH SODIUM BICARB AND LID,1
FERROUS SULFATE ER,1
LEVOFLOXACIN IVP,1
PO TB,1
INFLUENZA VAC RECOM HA QUAD P,1
LATANOPROSTENE BUNO,1
OR N,1
mL D,1
FLEET ENEM,1
THC FREE,1
BEVACIZUMAB,1
DEXTROSE IN LACTATED RINGERS,1
phenylephrine,1
ETRAVIRINE,1
BETHANECHOL,1
ESTROGENS CONJUGATED IVP,1
carboprost,1
SHA,1
PENTAFLUOROPRO,1
MAGNESIUM SULFATE IN D,1
ERTAPENEM IVP,1
ROPINIROLE HCL ER,1
SODIUM FLUORIDE F,1
LINAGLIPTIN,1
CORTICOTROPIN,1
DROSPIRE,1
TETRAFLUOROETH EX AER,1
LEVOMEFO,1
FEEDING TUBES MIS,1
UNIT OR CAP,1
CEFEPIME IVP,1
MAG CARBONAT,1
ALUM HYDROXID,1
DIGOXIN IMMUNE FAB IVP,1
OXYMORPHONE HCL,1
SODIUM PHOSPHATE MONOBASIC GRA,1
APHERESIS REPLACEMENT FLUI,1
BENDAMUSTINE,1
PENTOBARBITAL IVP,1
POTASSIUM PHOSPHATE,1
ascorbic acid,1
Glucagon HCl,1
GEMCITABINE CHEMO INFUSIO,1
SUCRALFATE PEDIATRIC OR SUS,1
PO CPP,1
LENVATINIB,1
PROTRIPTYLINE HCL,1
sevelamer carbonate,1
chlorproMAZINE,1
DIGOXIN IMMUNE FAB,1
zinc sulfate,1
CALCIUM CHLORIDE CRRT INFUSIO,1
simethicone,1
NEPHR,1
spironolactone,1
INOTUZUMAB OZOGAMICIN CHEMO IVP,1
DIMETHYL SULFOXIDE,1
CEFTAZIDIME IVP,1
ML INJECTION FOR NEBULIZATIO,1
SAXAGLIPTIN HCL,1
sertraline,1
cefO,1
HYDRALAZINE,1
rosuvastatin,1
KETOTIFEN FUMARAT,1
OXIDIZED CELLULOSE EX PAD,1
CARIPRAZINE HC,1
IN INH,1
IVOSIDENIB,1
levETIRAcetam,1
SCOPOLAMINE,1
BELATACEPT IVP,1
ZOSTER VAC RECOMB ADJUVANTED,1
metOLazone,1
IDENTICAL ESTROGE,1
BECLOMETHASONE DIPROPIONATE,1
ezetimibe,1
VELPATASVI,1
doxyCYCLINE,1
bisacodyl,1
METHOXSALEN,1
MALATE,1
AMIKACIN,1
CABOZANTINIB,1
ML TACE INJECTIO,1
ML OP SOL,1
IN STERILE WATE,1
montelukast,1
DEXMEDETOMIDINE PED,1
ALFUZOSIN HCL,1
INJECTION WRAPPED RECOR,1
INV BEVACIZUMA,1
LEVETIRACETAM IVPB,1
FERROUS SULFAT,1
ETANERCEPT,1
DILTIAZEM HCL ER BEADS,1
TRETINOI,1
VIAL TO BA,1
MCG PO CAP,1
methocarbamol,1
vancomycin,1
PHENTOLAMINE MESYLATE,1
nicotine,1
FLUOROURACIL CHEMO INFUSIO,1
IN POW,1
BIES,1
MARAVIROC,1
NEVIRAPINE,1
LANOLIN EX CREA,1
WHITE PETROLATUM EX OIN,1
BALSALAZIDE DISODIUM,1
nitroGLYCERI,1
tiZANidine,1
lactulose,1
hydrOXYzine HCL,1
traMADol,1
FACTOR IX COMPLEX,1
metoprolol succinate,1
DORZOLAMI,1
valsartan,1
TRIFLURIDINE,1
MOXIFLOXACIN HCL,1
ceFAZolin in D,1
PERINDOPRIL AR,1
DAPTOMYCIN,1
losartan,1
FENTANYL INFUSION,1
TOLVAPTAN,1
PREMIX PAIN MANAGEMENT CONT PN,1
ATROPINE SULFAT,1
HYDROCERIN EX CRE,1
HEPARIN PED,1
FLUOROURACIL CHEMO INJECTIO,1
DEXAMETHASONE SOD PHOSPHATE PF,1
TKO INFUSIO,1
REGADENOSO,1
SALIN,1
MG OR CPC,1
PHENOXYBENZAMINE HCL,1
promethazine,1
PACLITAXEL CHEMO INFUSION FOR DESENSITIZATIO,1
REPLACEMENT FLUI,1
METHYLPREDNISOLONE INFUSIO,1
LOXAPINE SUCCINATE,1
norepinephrine,1
MULTIVITAMIN GUMMIES ADULT PO CHE,1
SILODOSIN,1
ARIPIPRAZOL,1
NITROGLYCERIN C,1
FLUCONAZOLE IN DEXTROSE,1
CLORAZEPATE DIPOTASSIU,1
LUTEIN PO TAB,1
PROCEDURAL PR,1
OCUVIT,1
SULBACTAM SODIUM,1
PEN BENZYLPENICILLOY,1
HYDROMORPHONE HC,1
OR CP,1
POLYLYSINE SKIN TES,1
PROCEDURAL PENICILLIN G SODIU,1
NA FERRIC GLUC CPLX IN SUCROS,1
AND MG SULFATE,1
CHEMO IV INJECTIO,1
BORTEZOMIB,1
CO SUS,1
METHOTREXATE INFUSIO,1
PRENATABS R,1
PNEUMOCOCCAL VAC POLYVALENT,1
IJ IN,1
METHADONE,1
VANCOMYCIN HCL IN NAC,1
PEGFILGRASTIM,1
ALBUMIN,1
ETODOLAC,1
allopurinol,1
PHYSOSTIGMINE SALICYLATE,1
SURGIFLO HEMOSTATIC MATRIX KIT,1
IVPB APHERESIS MIXTUR,1
RUBELLA VAC IJ SOL,1
vitamin A,1
IRON DEXTRAN,1
loperamide,1
ML NS ECM,1
SURGIFLO HEMOSTATIC MATRIX KI,1
CHARCOAL ACTIVATED OR LIQ,1
LABETALOL NEONATAL,1
TIOTROPIUM BROMIDE MONOHYDRAT,1
LABETALOL INFUSIO,1
PROMETHAZINE IVP,1
POTASSIUM CITRATE,1
SUFENTANIL CITRATE,1
MOMETASONE FUROAT,1
ERYTHROMYCIN STEARATE,1
VECURONIUM INFUSIO,1
levETIR,1
ROFLUMILAST,1
dexAMET,1
SELENIUM ER,1
GM PACKE,1
PALONOSETRON HC,1
APREPITANT,1
ML NS INFUSION KI,1
HYDROPHOR EX OIN,1
DEXAMETHASONE IN NACL,1
SMALL VOLUM,1
UMECLIDINIUM BROMID,1
IRINOTECAN CHEMO INFUSIO,1
PREMIX PAIN MANAGEMENT CONT PNB PC,1
CULTURELLE DIGESTIVE HEALTH PO CAP,1
ePHE,1
NEVIRAPINE ER,1
LEUCOVORIN CHEMO INFUSIO,1
CEFAZOLIN IVP,1
BCG,1
INSTILLATIO,1
clotrimazole,1
STERILE WATER FOR IRRIGATION IR SOL,1
docusate sodium,1
GENTAMICIN IRRIGATIO,1
CUPRIC CHLORIDE IVP,1
GENTAMICIN PF INTRATHECAL OR INTRAVENTRICULAR INJECTIO,1
BETAMETH DIPRO,1
RETAPAMULIN,1
PALIPERIDONE E,1
SWA,1
RIOCIGUAT,1
PRASUGREL HCL,1
ISOPROPYL ALCOHOL,1
INV PREDNISOLONE ACETATE,1
DIPYRIDAMOL,1
LYTE A IV BOLU,1
SENN,1
CEFUROXIME SODIU,1
CALCIPOTRIEN,1
NEPAFENA,1
IV INJECTION OPTIM,1
CVS ADV PROBIOTIC GUMMIES PO CHE,1
CROFELEMER,1
SC CAR,1
PARATHYROID HORMONE,1
MG IJ SUS,1
ETONOGESTRE,1
NA AER,1
CROMOLYN SODIU,1
TREPROSTINIL INFUSIO,1
CANAGLIFLOZI,1
NICARDIPINE HCL,1
D DIAPER RASH EX CRE,1
PL POW,1
VIGABATRIN,1
QUERCETIN,1
RE FOA,1
PROBIOTIC DAILY PO CAP,1
DECITABINE CHEMO INFUSIO,1
CLADRIBINE CHEMO INFUSIO,1
ALPHA LIPOIC ACID,1
ADENOSYLMETHIONINE,1
SOL OR SOL,1
DORZOLAMIDE HCL,1
CARBOPLATIN,1
IJ SOLN INTRANASA,1
OR KI,1
PYROPHOSPHATE IV KI,1
ISOSOURCE HN OR LIQ,1
CLONIDINE,1
CETIRIZIN,1
ENCORAFENIB,1
mL PC,1
FERRIC CITRATE,1
DEXAMETHASONE OPHTHALMIC INJECTIO,1
IN SODIUM CHLORIDE INJECTIO,1
INV NARSOPLIMAB,1
BREXPIPRAZOL,1
SURGILUBE EX GE,1
LUTEIN,1
PEMBROLIZUMAB INFUSIO,1
AMINOPHYLLINE IVP,1
SIMETHICONE EXTRA STRENGTH,1
SODIUM BICARB,1
METHOTREXATE OPHTHALMIC INJ,1
NADOLOL,1
KETOVIE PEPTIDE PO LIQ,1
PLACEBO,1
INV BI,1
OMEPRAZOL,1
ZINC SULFATE,1
DAROLUTAMIDE,1
COLLAGEN PLUS VITAMIN,1
ANAGRELIDE HC,1
atenolol,1
IBUTILIDE IVP,1
DULoxetine,1
MOVE FREE JOINT HEALTH ADVANCE PO TAB,1
AMILORIDE HCL,1
VERICIGUAT,1
CUSTODIOL SOL,1
TRIENTINE HCL,1
FLECAINIDE,1
PROGESTERONE MICR,1
ESTRIO,1
BAMLANIVIMAB,1
RE GE,1
HYALURONIDASE HUMAN,1
GLUCAGON,1
ESTE,1
PENTOBARBITAL SODIUM,1
OMEPRAZOLE POW,1
EPHEDRIN,1
INV OSIMERTINIB,1
REPAGLINIDE,1
traZODone,1
BELIMUMAB,1
K PLUS STRONG PO CPD,1
ZALEPLON,1
THALIDOMIDE,1
ESCITALOPRAM OXALAT,1
DILUTED ORAL SUS,1
LACTULOSE ENCEPHALOPATHY,1
PRAZIQUANTEL,1
CLONIDINE HCL E,1
BEBTELOVIMAB,1
INV BUFFERED FLUSH SYRINGE,1
INV REGN,1
ALOSETRON HCL,1
PROTAMINE IVP,1
INV PEXASTIMOGENE DEVACIREPVEC,1
IVABRADINE HC,1
NETARSUDI,1
INV AT,1
PILOCARPINE HC,1
benzonatate,1
PTC,1
MANNOSE,1
BINIMETINIB,1
HISTAMINE PHOSPHAT,1
NUTRE,1
ALTEPLASE IV LOADING DOSE ACUTE M,1
CENTRUM OR LIQ,1
VITAMIN K,1
propranolol,1
ALTEPLASE OPHTHALMIC INJ,1
MAGNESIUM CITRATE,1
ALECTINIB HCL,1
SAW PALMETTO,1
PAMIDRONATE DISODIUM,1
TAZOBACTAM NEONATA,1
ENALAPRILA,1
BECLOMETHASONE DIPROP HFA,1
DEFLAZACORT,1
MT LOZ,1
IV IN N,1
INV AP,1
WEIGHT MANAGEMENT,1
LIRAGLUTID,1
CHOLECALCIFERO,1
ENOXAPARIN PED,1
EMPTY STERILIZED MIS,1
DICHLORPHENAMIDE,1
RILPIVIRIN,1
LIOTHYRONINE SODIUM POW,1
INV RM,1
SC AUI,1
NEOSTIGMINE,1
SACHE,1
INV ABB,1
TRIPLE OMEG,1
apixaban,1
KETOCA,1
DULAGLUTIDE,1
VWF,1
S OWN IMPLANTED PAIN PUM,1
ML BOTTL,1
INV SODIUM POLYSTYRENE SULFONATE,1
INV SODIUM ZIRCONIUM CYCLOSILICATE,1
CILGAVIMA,1
TIXAGEVIMA,1
METFOR,1
LINAGLI,1
PO TBD,1
RIMEGEPANT SULFATE,1
IT SOS,1
BUPROPION HBR ER,1
ML PO SOL,1
INV DEXAMETHASONE,1
DIPYRIDAMOLE,1
pancrelipase,1
PROCEDURAL SODIUM CHLORID,1
CLOBAZA,1
MG PO TBC,1
TREPROSTINIL DIOLAMINE E,1
PROCAINAMIDE INFUSIO,1
POTASSIUM PHOPHATES,1
LACTATED RINGERS CRRT MACHINE PR,1
LACTATED RINGERS CRRT MACHINE POS,1
ZINC ACETATE,1
PROPYLENE GLYCO,1
KETAMINE HCL POW,1
DEKAS PLUS PO LIQ,1
PROTAMINE SULFATE NEONATAL,1
G IV SOL,1
MILRINONE LACTATE,1
AVIBACTA,1
CHLORPHENIRAMINE MALEATE,1
EDOXABAN TOSYLATE,1
PROCAINAMIDE IVP,1
SODIUM HYALURONAT,1
GENTIAN VIOLET,1
NINTEDANIB ESYLATE,1
OMADACYCLINE TOSYLATE,1
LACTATED RINGERS IV BOLU,1
INV NIVOLUMAB,1
HISTAMINE DIHCL,1
INV I,1
INV PRALSETINIB,1
PANTOPRAZOLE INFUSIO,1
METYRAPONE,1
MG PO TBP,1
ALPELISIB,1
OSPEMIFENE,1
NOVASOURCE RENAL OR LIQ,1
LIDOCAINE HCL URETHRA,1
NILOTINIB HCL,1
IV IN,1
NIRMATRELVI,1
TAPENTADOL HCL ER,1
GLUCOSAMINE CHONDR,1
DALBAVANCIN IVP,1
LUBRICATING JELLY EX GE,1
ELUXADOLINE,1
glucagon HCl,1
EFINACONAZOLE,1
CYCLOSERINE,1
LIPO FLAVONOID PLUS PO TAB,1
VITAMIN B COMPLEX OR TAB,1
FORMOTERO,1
ASHWAGANDHA,1
LIPOIC ACID,1
ALPH,1
MG IU IU,1
ANAGRELIDE HCL,1
ketOROLAC,1
MRNA VA,1
DOXORUBICIN CHEMO INFUSIO,1
ML MIS,1
NEEDLE,1
INSULIN SYRING,1
ARFORMOTEROL TARTRATE,1
TRANEXAMIC ACID IN NACL,1
VARENICLINE TARTRATE,1
GLUTAMINE POW,1
ZAFIRLUKAST,1
FERUMOXYTOL IVP,1
MIDOSTAURIN,1
TOCILIZUMAB IVP,1
INV DF,1
IRON SUCROSE IVP,1
PYRIMETHAMINE,1
atorvastatin,1
ISRADIPIN,1
DIAZOXIDE,1
NXSTAG,1
RIVASTIGMINE TARTRAT,1
BOSENTA,1
AER,1
FELODIPINE,1
BETAMETHASONE ACE,1
ED ONL,1
MAGNESIUM OXIDE POW,1
ETHIODIZED OIL,1
INV RAVULIZUMAB,1
ILOPERIDONE,1
LOW DOS,1
ECMO ONL,1
PEGVISOMANT,1
SODIUM ACETATE IVP,1
ML SOL,1
INV TIRAPAZAMINE,1
BLEOMYCIN CHEMO INFUSIO,1
TRETINOIN,1
HELP CHEM,1
ARSENIC CHEMO INFUSIO,1
AAFI,1
CANDESARTAN CILEXETIL,1
IJ OI,1
PRESERVISION AREDS,1
OVERDOS,1
NOT FOR RESPIRATORY DEPRESSIO,1
ML LOW DOS,1
AZILSARTAN MEDOXOMIL,1
RITUXIMAB,1
PHENELZINE SULFATE,1
RIOCIGUA,1
LANTHANUM CARBONATE,1
MG CAPSUL,1
INV L,1
NALOXONE KI,1
CENTRUM MULTIGUMMIES PO CHE,1
SOTROVIMAB IVP,1
LACTINEX,1
MG OR PAC,1
ENALAPRI,1
ML PURGE SOLUTIO,1
SERTRALINE HC,1
HYDROMORPHONE INFUSIO,1
SOLN FOR NEBULIZATIO,1
IV CON,1
TIROFIBAN HC,1
FENTANYL DOSE FROM BA,1
VENTRICULOSTOMY IRRIGATION SOLUTIO,1
NIVOLUMAB INFUSIO,1
ERAVACYCLINE IVP,1
CLEVIDIPINE,1
CLINIMIX E INFUSIO,1
PO WRAPPED RECOR,1
INV DEXMEDETOMIDINE OR PLACEBO,1
MINOCYCLINE IVP,1
ML IV SOL,1
IMIQUIMOD,1
METHYLPREDNISOLONE IVPB FOR SPINAL CORD INJUR,1
VASHE WOUND THERAPY EX SOL,1
IJ SOLN GIVEN ENTERALL,1
IM SUSP GRAY CA,1
TRIS,1
DEXRAZOXANE IVP,1
OLIG IM SOL,1
dextrose,1
NS CENTRAL LIN,1
PVVR CHEMO INFUSIO,1
RITUXIMA,1
OPTIM,1
NORETHI,1
SOD PHOS,1
TROPICAMID,1
MG PO TBE,1
AMPHETAMINE E,1
LEVOTHYROXINE PED INFUSIO,1
DEXMEDETOMIDINE INFUSIO,1
POTASSIUM CITRAT,1
POTASSIU,1
IJ SOLN FOR ORGAN DONATIO,1
LACTASE,1
CALCIUM GLUCONAT,1
TETRABENAZIN,1
SODIUM PHOSPHATE,1
INV ALBUMIN HUMAN,1
LORLATINIB,1
ISTRADEFYLLINE,1
IVPB BUILDER MIXTUR,1
INV D,1
ACD FORMULA,1
IRBESARTAN,1
ketAMIN,1
ANTIHEMOPHILIC FACTOR RPFVIII,1
DARUNAVIR,1
OPICAPONE,1
RELUGOLIX,1
PLERIXAFOR,1
EMERGENCY ADS PREMI,1
IM SUSP,1
INV TA,1
LEVOMILNACIPRAN HCL ER,1
COSYNTROPIN,1
MAGNESIUM SULFATE NEONATAL,1
DORAVIRINE,1
GANCICLOVIR,1
IJ SOSY OPTIM,1
PRAMIPEXOLE DIHYDROCHLORIDE E,1
BOSENTAN,1
TACROLIMUS INFUSIO,1
LETERMOVIR,1
ALPROSTADIL,1
SACCHAROMYCES BOULARDII,1
AXITINIB,1
INV BUDIGALIMAB,1
POLYSOR,1
CARBOXYMET,1
SODIUM CHLORIDE FLUS,1
MCG IVP,1
PRALATREXATE,1
CVS FIBER GUMMIES,1
MODEL IMS TEMPLAT,1
DOXYCYCLINE MONOHYDRATE,1
BIOTENE DRY MOUTH MT LIQ,1
MITOXANTRONE CHEMO INJECTIO,1
MELPHALAN CHEMO INFUSIO,1
INV GLASDEGIB,1
BORTEZOMIB CHEMO SQ INJECTIO,1
PAZOPANIB HCL,1
BOSUTINIB,1
ICETAMINOPHEN,1
PUS,1
INV RFVIIA OR PLACEBO,1
INV IBUPROFEN,1
POTASSIUM PHOSPHATES,1
INV ACETAMINOPHEN,1
NORGESTRE,1
INV HT,1
lidocaine,1
SODIUM BICARBONATE INFUSIO,1
SUCROFERRIC OXYHYDROXIDE,1
methadone,1
DIVALPROEX SPRINKLES,1
OR CPS,1
TIOPRONIN,1
BIOTENE DRY MOUTH MT LOZ,1
INV AM,1
RIVAROXABA,1
EMICIZUMA,1
CYCLOPHOSPHAMID,1
AMANTADINE HCL ER,1
USTEKINUMAB,1
MID DOS,1
METOPROLOL SUCCINAT,1
TRAMADOL HCL,1
INSULIN REGULAR INFUSIO,1
TOFACITINIB CITRATE ER,1
IDARUBICIN HCL CHEMO INFUSIO,1
ECONAZOLE NITRATE,1
GLUCOSAMIN,1
CANNABIDIOL,1
PHENobarbital,1
AMPHOTERICIN B INHALATION SOL,1
FIDAXOMICIN,1
GUANFACINE HC,1
CEFIDEROCOL IVP,1
MG IV SOL,1
DACTINOMYCI,1
UNABLE TO FIN,1
SILDENAFIL CITRAT,1
VOXELOTOR,1
BLADDER IRRIGATIO,1
LOVASTATIN,1
KXWH,1
KIDNEY,1
GLUCAGON HCL,1
ADENOSINE INFUSIO,1
IMATINIB MESYLATE,1
LIDOCAINE IN DEXTROS,1
CEREFOLIN NA,1
INV ANX,1
INV EXEBACASE OR PLACEBO,1
PERFLUTREN LIPID MICROSPHER,1
URIBEL,1
LANSINOH LANOLIN EX CRE,1
OYSTER SHELL CALCIU,1
STAT PO LIQ,1
OXYMORPHONE HCL ER,1
G IVPB APHERESIS MIXTUR,1
CALCIUM CHLORID,1
BU FIL,1
VA INS,1
MITOTANE,1
DOXYLAMINE SUCCINATE,1
BOUND,1
ALBUMI,1
INV PACLITAXE,1
INV TJ,1
OXACILLIN IVPB,1
COHORTS,1
INV UX,1
FE BIPHAS,1
SELEGILINE,1
SODIUM OXYBATE,1
ALTEPLASE INTRAPLEURA,1
GEMCITABINE BLADDER IRRIGATION IN N,1
LEVOTHYROXINE LOADING DOSE FROM BA,1
INSULIN REGULAR IV BOLUS FROM BA,1
MELOXICAM,1
MACROAGGREGATED,1
NS IVP,1
NITROPRUSSIDE,1
NIACINAMIDE,1
INJECTION FOR TOPICAL ADMINISTRATIO,1
DEXTROSE IN LACTATED RINGER,1
TIGECYCLINE IVP,1
DOSE FROM BA,1
ARMODAFINIL,1
CARBOXYMETHYLCELLULOSE SOD P,1
VISCOUS OP SOL,1
TROPICAMIDE,1
ZOLMITRIPTA,1
DAPTOMYCIN IV,1
ENTACAPONE,1
FLUIDS WITH MULTIVITAMINS INFUSIO,1
MG OP STR,1
FLUORESCEIN SODIU,1
LEVETIRACETAM IVP,1
DORNASE ALFA,1
CONCENTRATED INJECTIO,1
AMOBARBITAL SODIUM,1
BELLADONNA ALKALOID,1
ZOLEDRONIC ACID IVP,1
ML LR L,1
CYTARABINE INTRATHECAL CHEMO INJECTIO,1
SODIUM BICAR,1
INDOCYANINE GREEN,1
DAUNORUBICIN CHEMO INJECTIO,1
PACLITAXEL CHEMO INFUSIO,1
FILGRASTIM PED,1
CARBOPLATIN CHEMO INFUSIO,1
LOADING INFUSIO,1
BENZTROPINE MESYLAT,1
PENTETATE IV KI,1
MEDIUM CHAIN TRIGLYCERIDES OR OI,1
METOLAZON,1
CARBOXYMETHYLCELLULOSE SODIU,1
PENTOXIFYLLINE CR,1
ML PCA INFUSIO,1
ACID ETHYL ESTERS,1
ML NS INFUSION FOR INTERVENTIONAL RADIOLOGY ONLY PREMI,1
BETAHISTINE DIHYDROCHLORIDE POW,1
TENOFOVIR ALAFENAMIDE FUMARATE,1
DIFLUPREDNAT,1
METHOTREXATE CYTARABINE HYDROCORTISONE INTRATHECAL CHEMO INJECTIO,1
GEMFIBROZIL,1
PHENAZOPYRIDINE HCL,1
INV REG,1
AMINOCAPROIC ACID INFUSIO,1
RALTEGRAVIR POTASSIUM,1
MINERAL OIL OR OI,1
NAFCILLIN SODIUM IN DEXTROSE,1
CADEXOMER IODIN,1
METHOTREXAT,1
MORPHINE DOSE FROM BA,1
IJ SOLN WRAPPED RECOR,1
CETAPHIL MOISTURIZING EX LOT,1
PROTHROMBIN COMPLEX CONC HUMAN IVP,1
SODIUM HYALURONATE INTRAOCULAR INJECTIO,1
DIPHENHYDRAMINE IVP,1
LIRAGLUTIDE,1
ETOMIDATE,1
KETAMINE HC,1
DOXORUBICIN CHEMO INJECTIO,1
CYCLOPHOSPHAMIDE CHEMO INFUSIO,1
VINCRISTINE CHEMO INFUSIO,1
AMIKACIN IVP,1
DORZOLAMID,1
HYDROCORTISONE IVP,1
MEBROFENIN IV KI,1
labetalol,1
HYDROXYPROGESTERONE CAPROATE,1
DOXORUBICIN WITH ETOPOSIDE WITH VINCRISTINE CHEMO INFUSIO,1
GUANFACINE HCL,1
metroNIDAZOL,1
EZETIMIBE,1
LYCOPENE,1
MIDODRINE HC,1
MITOMYCIN INTRAVESICAL INSTILLATIO,1
BELLADONN,1
MOXIFLOXACIN HC,1
NATAMYCIN,1
PREDNISOLONE ACETATE,1
TERIFLUNOMIDE,1
metoclopramide,1
METHOTREXATE INTRATHECAL INJECTIO,1
GADOBENATE DIMEGLUMINE,1
ML LR INFUSIO,1
HEPARIN LOCK FLUSH,1
HEXAMINOLEVULINATE HCL,1
SORBITOL FRE,1
IS SOL,1
CEFAZOLIN IN SODIUM CHLORID,1
IV SOLN WRAPPE,1
VANCOMYCIN OPHTHALMIC,1
SULFUR COLLOID CO KI,1
WHITE PETROLATUM GE,1
VASOPRESSIN INJECTION SOLUTIO,1
GEMCITABINE INTRAVESICAL INSTILLATIO,1
VICKS VAPORU,1
PEGASPARGASE CHEMO INFUSIO,1
DICLOFENAC SODIU,1
SYRING,1
DESVENLAFAXINE SUCCINATE ER,1
MT PST,1
CRANBERRY,1
MG S,1
PYRIDOXINE HCL,1
UCSD EXTEMPORANEOUS TEMPLAT,1
RECTAL ENEM,1
AQUAPHOR OIN,1
DEXTROAMPHETAMINE SULFATE,1
LETROZOL,1
MINOXIDIL,1
APRACLONIDINE HCL,1
INSULIN ISOPHANE HUMAN,1
CHOLINE,1
GLYCERIN EX PAD,1
WITCH HAZE,1
CARISOPRODOL,1
EPINEPHRINE HCL,1
IRON SUCROSE,1
PHENOBARBITA,1
RASAGILINE MESYLATE,1
PEDIATRIC INFUSIO,1
PROCHLORPERAZINE,1
INTRATHECAL CONTINUOUS OP INFUSIO,1
MECLIZINE HC,1
ESTROGEN,1
FLUOROURACIL,1
ACAMPROSATE CALCIUM,1
CEFTRIAXONE SODIU,1
ANTIPYRIN,1
ML OPTHALMIC IN,1
ETODOLAC CR,1
LABELED RBC IV KI,1
AMIKACIN OPHTHALMIC INJ,1
MINERAL OIL RE ENE,1
METOCLOPRAMIDE IVP,1
POLYMYXIN B G,1
BUPROPION XL,1
ROPINIROLE HC,1
ETOPOSIDE CHEMO INFUSIO,1
OP STR,1
RITONAVI,1
LOPINAVI,1
FLUVOXAMINE MALEATE,1
methylene Blue,1
TETRACAINE HCL,1
VALPROIC ACID,1
NITROGLYCERIN IN D,1
SIROLIMU,1
TILMANOCEPT IJ KI,1
RUBELLA VAC SC IN,1
CONJUGATE,1
PENTOSAN POLYSULFATE SODIUM,1
COLLAGENASE,1
MAFENIDE,1
STERILE WATER FOR IRRIGATIO,1
ISAVUCONAZONIUM SULFATE,1
INJ FOR TOPICA,1
MAFENIDE ACETATE,1
CYTARABINE CHEMO INFUSIO,1
DAUNORUBICIN CHEMO INFUSIO,1
MEDRONATE IV KI,1
DIPHENHYDRAMIN,1
ZINC ACETAT,1
MAFENIDE DRESSING SOLUTIO,1
GADOXETATE DISODIU,1
RIFAMPI,1
racEPINEPHrine H,1
PHARMACY DRAWN DOSE,1
GENTAMICIN IN N,1
CARBOXYMETHYLCELLULOSE SOD PF,1
LEVOTHYROXINE INFUSIO,1
CEFTOLOZAN,1
MACITENTAN,1
HETASTARC,1
ACETAZOLAMIDE SODIUM,1
EPOPROSTENOL INFUSIO,1
AZACITIDINE CHEMO INFUSIO,1
OCTYLCYANOACRYLATE PRO PE,1
FLUOROURACIL CHEMO INTRAOP IVP,1
HALOPERIDOL DECANOATE,1
BENDAMUSTINE CHEMO INFUSIO,1
DOCETAXEL CHEMO INFUSIO,1
HEPARIN DIALYSIS CATHETER LOCK SOLUTIO,1
PREDNISOLONE ACETAT,1
WATER FLUS,1
COSYNTROPI,1
TEST DOS,1
AMPHOTERICIN B IVPB,1
MG IJ SOL,1
SLIDING SCAL,1
IN STERILE WATER CRRT REPLACEMENT FLUI,1
HYDROCORTISONE SOD SUCCINATE,1
PYRIDOXINE IVP,1
MERCAPTOPURINE,1
NITROFURANTOIN,1
DEXAMETHASONE IVP,1
MANNITO,1
DRONABINOL,1
ARGATROBAN PER PHARMAC,1
METRONIDAZOLE IN NACL,1
PRAMIPEXOLE DIHYDROCHLORIDE,1
CEFTRIAXONE IN,1
CARBIDOPA,1
PENICILLIN G POT IN DEXTROSE,1
VALPROATE SODIUM,1
OCTREOTIDE IN NS INFUSIO,1
NITROFURANTOIN MONOHYD MACRO,1
ML N,1
ARTIFICIAL TEARS OPHTHALMIC OINTMENT WRAPPED RECOR,1
NACL,1
NACL IV SOL,1
AND VANCOMYCI,1
STERILE WATER FOR INJECTION IJ SOL,1
MEDROXYPROGESTERONE ACETAT,1
PHENYTOIN SODIUM,1
EPIDURA,1
CISATRACURIUM INFUSIO,1
OMNIPAQUE DILUTIO,1
NALOXEGOL OXALAT,1
METHYLNALTREXONE BROMIDE,1
FERRIC SUBSULFATE,1
ALVIMOPAN,1
CARBOPROST TROMETHAMINE,1
ANGIOTENSIN II INFUSIO,1
WITH BUPIVACAIN,1
INFUSION PREMI,1
ZANUBRUTINIB,1
FEBUXOSTAT,1
HEPATITIS A VACCINE,1
SUFENTANIL INFUSIO,1
DICYCLOMINE HCL,1
LIFITEGRAST,1
NOREPINEPHRINE BITARTRATE,1
NITROPRUSSIDE INFUSIO,1
CLONAZEPA,1
CALAMINE EX LOT,1
VA GE,1
MICROFIBRILLAR COLL HEMOSTAT EX POW,1
ISOSULFAN BLUE,1
IODINE STRONG,1
BENZONATATE,1
BACITRACIN ZINC,1
GLUCAGON HCL RDNA,1
TOBRAMYCIN IVP,1
VARENICLINE TARTRAT,1
NEUROSURGER,1
STERILE WATER SOLUTIO,1
IPRATROPIUM BROMIDE HFA,1
METHIMAZOL,1
FLUOROMETHOLON,1
PERFUSION ONL,1
AMINOCAPROIC ACID IV INFUSIO,1
PROTAMINE SULFATE,1
ESMOLOL HC,1
DOPAMINE IN D,1
TUBERCULIN PPD,1
FUROSEMIDE PED,1
TOBRAMYCIN SULFATE,1
ZONISAMIDE,1
RALOXIFENE HCL,1
REMIFENTANIL IV BOLUS FROM BA,1
DEXMEDETOMIDINE LOADING DOSE FROM BA,1
EPINEPHRINE IRRIGATION FOR ARTHROSCOP,1
QUETIAPINE FUMARAT,1
DEXMEDETOMIDINE HCL,1
LACTULOSE ENEMA RE SOL,1
metoprolol,1
rocuronium,1
NORETHINDRONE ACETATE,1
OXYTOCIN INFUSION,1
ML L,1
NEOMYCIN SULFATE,1
MILRINONE LACTATE IN DEXTROS,1
VITAMINS,1
GM OR TBE,1
MESALAMIN,1
D EX OIN,1
OXANDROLON,1
FLORANEX,1
OXANDROLONE,1
PRILOCAIN,1
FLORANEX PO TAB,1
METHOHEXITAL SODIU,1
SOD CITRAT,1
DESMOPRESSIN ACETATE SPRA,1
HYOSCYAMINE SULFAT,1
VALPROATE IVP,1
etomidate,1
PROCEDURAL SEDATION PROPOFOL,1
BENAZEPRIL HC,1
NICARDIPINE HC,1
HYDROCORTISONE ACETATE,1
LUBIPROSTONE,1
SODIUM BICARBONATE IVP,1
TETRAHYDROZOLINE HC,1
CEFTAROLINE IVP,1
SALINE NASAL SPRA,1
terbutaline,1
TERBUTALINE SULFATE,1
MINOXIDI,1
TENOFOVIR DISOPROXIL FUMARATE,1
FENTANY,1
ANESTHESIA EPIDURAL IN,1
MORPHINE SULFAT,1
COBICISTAT,1
DOLUTEGRAVIR SODIUM,1
VANCOMYCIN HCL IN DEXTROS,1
HYDROXOCOBALAMIN IVP,1
AMIODARONE IV BOLU,1
SESTAMIBI IV KI,1
EPINEPHRINE IN BSS PLUS OPHTHAMIC SOLUTIO,1
NA CHON,1
ML IO KI,1
NOREPINEPHRINE INFUSIO,1
BUPRENORPHINE HC,1
IN STERILE WATER CRRT MACHINE PR,1
HYDROXOCOBALAMIN,1
PAPAVERINE DILUTION IN N,1
ETHIODIZED OIL IJ OI,1
TAMOXIFEN CITRATE,1
DRONABINO,1
OCTREOTIDE LOADING DOSE FROM BA,1
BEXAROTENE,1
CEFOTETAN IVP,1
HAEMOPHILUS B POLYSAC CONJ VAC IM SOL,1
RIFABUTIN,1
GANCICLOVIR IVP,1
ATOVAQUONE,1
ARTIFICIAL TEAR,1
WARFARIN PER PHARMAC,1
OPIUM,1
PO TIN,1
CEVIMELINE HCL,1
INFLAMMATORY LOCAL INJECTIO,1
MOUTH KOTE MT SOL,1
CONJ IM IN,1
MENINGOCOCCAL B RECOMB OMV ADJ IM SUS,1
ISOPROTERENOL INFUSIO,1
IN STERILE WATER CRRT MACHINE POS,1
STY,1
ERTAPENEM IVPB,1
ANIMAL SHAPES WITH,1
INSULIN GLULISINE,1
BUDESONIDE POW,1
VIASPAN SOL,1
atropine,1
PAPAVERINE DILUTION,1
CYCLOSPORIN,1
TETROFOSMIN IV KI,1
SC IMP,1
ETONOGESTREL,1
IVABRADINE HCL,1
TENOFOVIR A,1
DIPHENOXYLAT,1
FLUDEOXYGLUCOSE,1
ATROPIN,1
RITUXIMAB CHEMO INFUSIO,1
FLUCONAZOLE IVP,1
EPLERENONE,1
MUCOSITIS MIXTURE FORMUL,1
ACETYLCHOLINE CHLORID,1
FOLIC ACID IVP,1
mannitol,1
LEECH TOP BU,1
FA OR CHE,1
ONDANSETRON IVP,1
LOW DOSE,1
MEMANTINE HCL,1
SALMETEROL XINAFOATE,1
GENTAMICIN INTRATHECAL INJECTIO,1
FLAX SEED OIL,1
BICALUTAMIDE,1
VANCOMYCIN INTRATHECAL INJECTIO,1
MIDODRINE HCL,1
FLEET ADULT ENEM,1
OLODATERO,1
TIOTROPIUM BROMID,1
AZELASTINE HCL,1
EPINEPHRINE INFUSIO,1
MIRTAZAPIN,1
AND CEFAZOLI,1
POTASSIUM CHLORIDE IN NAC,1
BROMOCRIPTINE MESYLAT,1
PREDNISOLONE,1
NYSTOP,1
RABEPRAZOLE SODIUM,1
MG IV SUS,1
LACOSAMIDE IVP,1
FLECAINIDE ACETATE,1
ETHACRYNATE SODIUM NEONATAL IN DEXTROS,1
TL SOL,1
SOLN WRAPPED RECOR,1
ML IN BSS PLUS OPHTHAMIC SOLUTIO,1
SULFUR COLLOID IJ KI,1
DUTASTERID,1
AQUAPHOR EX OIN,1
ERYTHROMYCIN ETHYLSUCCINATE,1
HYDROMORPHONE DOSE FROM BA,1
CISATRACURIUM,1
METHYLENE BLUE IVP,1
BASILIXIMAB INFUSIO,1
AND SODIUM BICARBOBAT,1
QUETIAPINE FUMARATE ER,1
DILTIAZEM INFUSIO,1
DOPAMINE IN NS INFUSIO,1
OLANZAPIN,1
CALCIUM CHLORIDE,1
BALANCED SALT IO SOL,1
CALCIUM CHLORIDE INFUSIO,1
HEPARIN IN DEXTROSE,1
vecuronium,1
WITH SORBITO,1
succinylcholine,1
FOSAPREPITANT IVP,1
CISPLATIN CHEMO INFUSIO,1
VECURONIUM,1
DAILY MULTI VITAMINS OR TAB,1
VORICONAZOLE IVP,1
PAPAVERINE HCL,1
TENOFO,1
BICTEGRAVI,1
ML VARIABLE BASE INFUSIO,1
valent vaccine,1
METHYLPHENIDATE HCL CR,1
LIDOCAINE IN NS,1
PL AER,1
BELINOSTAT IVP,1
misoprostol,1
SPIRONOLACTON,1
DEXAMETHASONE OPHTHALMIC INJECTION,1
BROMOCRIPTINE MESYLATE,1
ML NS INFUSION HIGH CONCENTRATIO,1
BILLIO,1
PROBIOTIC FORMUL,1
MAINTENANCE INFUSION FOR CENTRAL LIN,1
MEROPENE,1
SODIUM CHLORIDE BACTERIOSTATI,1
VABORBACTAM IVP,1
CYSTEINE,1
ACETY,1
ALPRA,1
PHENYLEPHRINE,1
magnesium hydroxide,1
ALBENDAZOLE,1
GLUTAMINE,1
TRIAMCINOLONE AND LIDOCAINE PF,1
OXYMETAZOLINE HC,1
MILRINONE,1
CETAPHIL GENTLE CLEANSER EX LIQ,1
MITOMYCIN OPHTHALMIC SOL,1
POTASSIUM IODIDE,1
LEUPROLIDE ACETATE,1
PHENYLEPHRIN,1
CYCLOPENTOLAT,1
HALOPERIDO,1
EX PTC,1
DICLOFENAC EPOLAMIN,1
BRINZOLAMIDE,1
LEUCOVORIN CALCIUM PED,1
ECULIZUMAB IVP,1
PROPYL GLYCO,1
POLYETHYL GLYCO,1
MIDAZOLAM DOSE FROM BA,1
BISACODYL EC,1
IDARUBICIN HCL CHEMO INJECTIO,1
FLUDARABINE CHEMO INFUSIO,1
AMPHOTERICIN B INTRATHECAL INJECTIO,1
INV GLASDEGIB OR PLACEBO,1
CHEMO SQ INJECTIO,1
BORTEZOMI,1
CLONIDINE HCL,1
SURGIFOAM GELATIN POWDER KIT,1
ADULT INFUSIO,1
FAMOTIDINE IN NACL,1
naloxegol oxalate,1
PYRETHRIN,1
NICOTINE POLACRILEX,1
TIGECYCLINE IVPB IN,1
GOLDENSEA,1
OREG GRAP,1
BARBERR,1
PROPOFOL IV BOLUS,1
CEFOXITIN IVP,1
CLOFAZIMINE POW,1
PIBRENTASVI,1
GLECAPREVI,1
GADOTERIDO,1
magnesium oxide,1
PED INFUSIO,1
PALIPERIDONE,1
INSULIN REGULAR NEONATAL,1
IVERMECTIN,1
PLECANATIDE,1
clonazePAM,1
TEMOZOLOMIDE CHEMO INFUSIO,1
PERMETHRIN,1
VITAMI,1
POTASSIUM CHLORIDE ER,1
PHENO,1
MT GU,1
PIPERONYL BUTOXID,1
BROMFENAC SODIU,1
EX SHA,1
NS ECM,1
APRACLONIDINE HC,1
BOTULINUM TOXIN TYPE A,1
METHOCARBAMOL IVP,1
EXEMESTANE,1
PYROGLUTAMICAC,1
ERTUGLIFLOZIN,1
IDARUCIZUMA,1
ABACAVIR SULFAT,1
BEPOTASTINE BESILAT,1
NEBIVOLOL HC,1
OLAPARIB,1
COLESEVELAM HCL,1
FLEET PEDIATRI,1
INDIGO CARMIN,1
ALPRAZOLAM,1
ALTEPLASE INTRAVENTRICULAR INJECTIO,1
SODIUM CITRATE,1
PROCALAMINE INFUSIO,1
BRIMONIDIN,1
BRINZOLAMID,1
ROSUVASTATIN CALCIU,1
FENOFIBRIC ACID,1
DARU,1
ENSURE PLUS OR LIQ,1
CETUXIMAB CHEMO INFUSIO,1
ABEMACICLIB,1
TRAMETINIB DIMETHYL SULFOXIDE,1
DABRAFENIB MESYLATE,1
ARGININE,1
METHENAMINE HIPPURATE,1
GABAPENTIN ENACARBIL ER,1
PREGNENOLONE POW,1
TRIMI,1
CENTRAL LIN,1
CORTICORELIN OVINE TRIFLUTATE,1
ZOLMITRIPTAN,1
POLYMYXIN B IVP,1
GALLIUM GA,1
DESIPRAMINE HCL,1
LIDOCAINE VISCOUS,1
CHLOROTHIAZIDE SODIUM,1
MESNA IVP,1
IFOSFAMIDE INFUSIO,1
OXALIPLATIN,1
METOLAZONE,1
FLUVASTATIN SODIUM,1
BIVALIRUDIN LOADING DOSE FROM BA,1
BIVALIRUDIN,1
TERIPARATIDE,1
FLAXSEED OIL,1
MITOMYCIN IN SODIUM CHLORIDE CHEMO INJECTIO,1
docusate,1
ABALOPARATIDE,1
IJ SOA,1
LITHIUM,1
ZIPRASIDONE MESYLATE,1
VANCOMYCIN INTRATHECAL OR INTRAVENTRICULAR INJECTIO,1
BETAXOLOL HC,1
IFOSFAMID,1
PANTOPRAZOLE IVP,1
AND LIDOCAINE,1
GLUCOSE BLOOD VI STR,1
MILNACIPRAN HC,1
ACETAMINOPHEN NEONATAL,1
prednisoLON,1
FORMOTEROL FU,1
MOMETASONE FUR,1
dexamethasone,1
CLINDAMYCIN IVPB IN N,1
K PHOS D,1
VALBENAZINE TOSYLATE,1
MON,1
SORBITOL,1
HYDROMORPHONE HCL PF,1
SOD PHOS MON,1
acetaZOLAMIDE,1
DEXTROSE FREE CRRT DIALYSATE BAS,1
PRISMASATE B,1
CRRT DIALYSATE BAS,1
PRISMASATE BG,1
cefePIM,1
RIVASTIGMINE TARTRATE,1
FUROSEMIDE IN D,1
METFORMI,1
B COMPLEX,1
DOCUSATE SODIU,1
FISH OIL,1
DROXIDOPA,1
THYROI,1
TASIMELTEON,1
RITUXIMAB INTRATHECAL CHEMO INJECTIO,1
calcium carbonate,1
NEONATAL ORA,1
BSS OPHTHALMIC SOLUTIO,1
RIFAXIMIN,1
HYDROPHIL PETROLAT EX OIN,1
MINERAL OI,1
INSULIN REGULAR PED,1
DESMOPRESSIN ACETATE,1
ML ID SOL,1
BENZYLPENICILLOLOYL POLYLYSIN,1
PENICILLIN G SODIUM,1
AMPICILLIN IVP,1
CARFILZOMIB CHEMO INFUSIO,1
CIPROFLOXACIN HC,1
ROPIVACAIN,1
SULBACTAM SODIU,1
PLUS PROTEIN,1
HDC IM IN,1
RABIES VIRUS VACCIN,1
albuterol,1
IM IN,1
CROMOLYN SODIUM,1
LEVOTHYROXINE IV SYRINGE,1
UMECLIDINIU,1
BUPIVACAINE IN DEXTROS,1
ARGATROBAN INFUSIO,1
AMIODARONE INFUSIO,1
WITH CLONIDINE AND KETOROLA,1
MG RE GE,1
DIAZEPA,1
adenosine,1
MT TRO,1
METHYLPREDNISOLONE IVP,1
TD OIN,1
NITROGLYCERIN DILUTE,1
TIROFIBAN LOADING BONUS FROM BA,1
FOSAMPRENAVIR CALCIUM,1
INDOMETHACIN SODIUM,1
MT LIQ,1
SELENIUM SULFID,1
EPINEPHRINE HC,1
CHEMO INJECTIO,1
POLYMYXIN B SULFATE,1
CYCLOSPORINE IVP,1
ORTHO COCKTAI,1
ASCORBIC ACID INFUSIO,1
MERTIATIDE IV KI,1
ABRAXANE CHEMO INFUSIO,1
PAPAVERINE,1
tranexamic Acid,1
SEVELAMER CARBONATE,1
METHYLPHENIDATE HCL ER,1
PFM,1
ANTIHEMOPHILIC FACTOR RAH,1
KETAMINE IN NS INFUSIO,1
HEPARIN PER PHARMAC,1
CHLORHEXIDINE GLUCONATE,1
CHLORPROMAZINE PED,1
LIQ,1
SILVER SULFADIAZINE,1
RISPERIDONE OD,1
BREEZA FLAVORED BEVERAG,1
LORAZEPAM DOSE FROM BA,1
OR TBS,1
HYDROGEN PEROXIDE,1
MITOMYCI,1
SODIUM PHOSPHATE IVP,1
TIAGABINE HCL,1
MULT,1
IV INFUSION MIXTUR,1
AMINOCAPROIC ACID IV BOLU,1
ZINC SULFATE CAPSULE BOTTLE METHO,1
FERROUS GLUCONATE,1
INV OTL,1
ML NAC,1
IRON DEXTRAN IVP,1
AMIODARONE HCL IN DEXTROS,1
ONDANSETRON IN NACL,1
LEVOTHYROXINE NEONATAL TABLE,1
COBICISTA,1
DARUNAVI,1
DESMOPRESSIN ACE REFRIGERATE,1
CICLOPIROX,1
RACEPINEPHRINE HC,1
MAGNESIUM HYDROXIDE,1
MICROPLEGI,1
SODIUM POLYSTYRENE SULFONATE POWDE,1
BSS PLUS IO SOL,1
INFLIXIMAB IVP,1
DESMOPRESSIN IVP,1
HYDROXYETHYL STARCH IN NAC,1
DELYN OR LIQ,1
INSULIN PUMP REFIL,1
M IV SOL,1
cefTRIA,1
HYDROXYCHLOROQUINE SULFATE,1
FOSFOMYCIN TROMETHAMINE,1
LORAZEPA,1
ARGATROBAN,1
LIDOCAINE INFUSIO,1
ALTEPLASE IV LOADING DOSE STROK,1
NALOXEGOL OXALATE,1
PREDNISON,1
BICISATE IV KI,1
VERAPAMIL HC,1
INHIBITOR,1
CALCIUM,1
ML UCS,1
MILRINONE PE,1
APIXABA,1
RILUZOLE,1
APREMILAST,1
REGULAR,1
INSULIN ISOPHAN,1
ANASTROZOLE,1
VALACYCLOVIR HCL,1
HEPARIN SOD,1
MG IL WAF,1
CARMUSTINE IN POLIFEPROSA,1
PSEUDOEPHEDRINE HCL,1
BUSPIRONE HC,1
TROMETHAMIN,1
GALLIUM CITRATE G,1
SARGRAMOSTIM,1
MINOCYCLINE HCL,1
AZITHROMYCIN IVP,1
OLMESARTAN MEDOXOMIL,1
PROPARACAINE HC,1
PACLITAXEL INTRAPERITONEAL INSTILLATIO,1
INTRAPERITONEAL BOLU,1
oxytocin,1
LEVOBUNOLOL HC,1
LFU IM IN,1
TAZOBACTAM IN D,1
Lactated Ringers,1
LORATADIN,1
SOOTHE EX CRE,1
methylPREDNI,1
AMINOLEVULINIC ACID HCL,1
DAPSONE,1
TETRACAINE TOPICAL SOLUTIO,1
PEMETREXED CHEMO INFUSIO,1
PROBENECID,1
FOR ORAL SOLUTIO,1
POLYMYXIN B OP OIN,1
CALCITRIO,1
HEL,1
HIGH CONCENTRATIO,1
CLINDAMYCIN PALMITATE HCL,1
SODIUM THIOSULFATE IV CALCIPHYLAXI,1
TEGO CONNECTO,1
TEMAZEPA,1
AMPICILLIN,1
AMIFOSTINE,1
RIZATRIPTAN BENZOATE,1
MAGNESIUM CITRAT,1
IM WRAPPED RECOR,1
HEP B RECOMB VA,1
HEPATITIS,1
PARAGARD INTRAUTERINE COPPER IU IU,1
VINBLASTINE CHEMO INFUSIO,1
PENTAMIDINE ISETHIONATE IVP,1
haloperidol lactate,1
MILTEFOSINE,1
SULFADIAZINE,1
SILVER NITRAT,1
POT NITRAT,1
EX MIS,1
DACARBAZINE CHEMO INFUSIO,1
QUININE SULFATE,1
RAMELTEON,1
PNEUMOCOCCA,1
APPLE CIDER VINEGAR,1
amLODIPINE,1
MT SUS,1
ETHACRYNIC ACID,1
IVPB IN,1
EFAVIREN,1
GLUCAGON IVP,1
CARBAMIDE PEROXID,1
NS OR D,1
AND SODIUM BICARBONAT,1
VITAMINS OR SOL,1
DRONEDARONE HCL,1
OCTREOTIDE IVP,1
PSYLLIUM,1
BUPROPION HCL ER,1
LIXISENATID,1
INSULIN GLARGIN,1
NETARSUDIL DIMESYLAT,1
BUPROPION HCL E,1
NALTREXON,1
PERPHENAZINE,1
MUPIROCIN,1
ALISKIREN FUMARATE,1
DESMOPRESSIN ACE SPRAY REFRI,1
RUFINAMIDE,1
MAINTENANCE INFUSION FOR PERIPHERAL LIN,1
DALFAMPRIDINE ER,1
CHOLINE FENOFIBRATE,1
STANDARD DOSE,1
FILGRASTIM NEONATAL,1
VAL CONJ VACC IM SUS,1
INDOMETHACIN CR,1
RASBURICASE IVP,1
NALOXONE HCL,1
FLUOROURACIL CONTINUOUS INPT CHEMO INFUSIO,1
NABC,1
NASULF,1
cefoT,1
MEPILEX FOAM,1
phenazopyridine,1
INFLUENZA VAC SPLIT HIG,1
CALAMIN,1
oxyCODONE,1
DOS,1
OXCARBAZEPINE ER,1
prochlorperazine,1
PAMIDRONATE IVP,1
BEVACIZUMAB CHEMO INFUSIO,1
SULBACTAM IVPB,1
ERYTHROMYCIN NEONATAL,1
PROCEDURAL SEDATION ETOMIDATE,1
INV MARIZOMIB VIA NG TUB,1
ETHACRYNIC ACID IVP,1
TIROFIBA,1
DOXORUBICIN LIPOSOMAL CHEMO INFUSIO,1
RILPIVIRINE HCL,1
OXALIPLATIN CHEMO INFUSIO,1
THALLOUS CHLORIDE T,1
JOINT INJECTION SOL,1
QUINIDIN,1
DEXTROMETHORPHA,1
FLUMAZENIL,1
CHLORTHALIDONE,1
TENOFD,1
APALUTAMIDE,1
IODIXANOL,1
ALOE VERA,1
BLEOMYCIN SULFATE,1
FIXODENT ORIGINAL CRE,1
ESMOLOL LOADING DOSE FROM BA,1
FERRIC GLUCONATE IVP,1
DEXAMETHASONE OPHTHALMIC IRRIGATIO,1
CLOMIPHENE CITRATE,1
DIMETHYL FUMARATE,1
LAMIVU,1
TIOTROPIUM BROMIDE MONOHYDRATE,1
IN CAP,1
ISAVUCONAZONIUM IVP,1
MICAFUNGIN IVP,1
MUPIROCIN POW,1
DEXAMETHASONE SODIUM PHOSPHAT,1
MESNA INFUSIO,1
